Pick	Player	School	Round
1	AJ Dybantsa	BYU	1
2	Darryn Peterson	Kansas	1
3	Cameron Boozer	Duke	1
4	Caleb Wilson	North Carolina	1
5	Keaton Wagler	Illinois	1
6	Mikel Brown Jr.	Louisville	1
7	Darius Acuff Jr.	Arkansas	1
8	Kingston Flemings	Houston	1
9	Morez Johnson Jr.	Michigan	1
10	Brayden Burries	Arizona	1
11	Yaxel Lendeborg	Michigan	1
12	Aday Mara	Michigan	1
13	Nate Ament	Tennessee	1
14	Hannes Steinbach	Washington	1
15	Dailyn Swain	Texas	1
16	Bennett Stirtz	Iowa	1
17	Ebuka Okorie	Stanford	1
18	Christian Anderson	Texas Tech	1
19	Allen Graves	Santa Clara	1
20	Jayden Quaintance	Kentucky	1
21	Karim Lopez	New Zealand Breakers	1
22	Labaron Philon Jr.	Alabama	1
23	Zuby Ejiofor	St. John's	1
24	Cameron Carr	Baylor	1
25	Sergio De Larrea	Valencia / Valladolid	1
26	Tarris Reed Jr.	UConn	1
27	Chris Cenac Jr.	Houston	1
28	Joshua Jefferson	Iowa State	1
29	Alex Karaban	UConn	1
30	Koa Peat	Arizona	1
31	Bruce Thornton	Ohio State	2
32	Richie Saunders	BYU	2
33	Isaiah Evans	Duke	2
34	Meleek Thomas	Arkansas	2
35	Trevon Brazile	Arkansas	2
36	Baba Miller	Cincinnati	2
37	Ryan Conwell	Louisville	2
38	Braden Smith	Purdue	2
39	Jack Kayil	Alba Berlin	2
40	Dillon Mitchell	St. John's	2
41	Otega Oweh	Kentucky	2
42	Ja'Kobi Gillespie	Tennessee	2
43	Tyler Bilodeau	UCLA	2
44	Maliq Brown	Duke	2
45	Emanuel Sharp	Houston	2
46	Felix Okpara	Tennessee	2
47	Tyler Nickel	Vanderbilt	2
48	Tobi Lawal	Virginia Tech	2
49	Bryce Hopkins	St. John's	2
50	Jaden Bradley	Arizona	2
51	Izaiyah Nelson	South Florida	2
52	Henri Veesaar	North Carolina	2
53	Ugonna Onyenso	Virginia	2
54	Lajae Jones	Florida State	2
55	Nick Martinelli	Northwestern	2
56	Vsevolod Ishchenko	Lokomotiv Kuban	2
57	Narcisse Ngoy	Poitiers Basket 86	2
58	Jaron Pierre	SMU	2
59	Trey Kaufman-Renn	Purdue	2
60	Malique Lewis	South East Melbourne Phoenix	2
