School	State
Abilene Christian	Texas
Air Force	Colorado
Akron	Ohio
Alabama	Alabama
Alabama A&M	Alabama
Alabama St.	Alabama
Alabama State	Alabama
Albany	New York
Alcorn St.	Mississippi
Alcorn State	Mississippi
American	Washington, D.C.
American University	Washington, D.C.
Appalachian St.	North Carolina
Appalachian State	North Carolina
Arizona	Arizona
Arizona St.	Arizona
Arizona State	Arizona
Arkansas	Arkansas
Arkansas Pine Bluff	Arkansas
Arkansas St.	Arkansas
Arkansas State	Arkansas
Arkansas-Pine Bluff	Arkansas
Army	New York
Army West Point	New York
Auburn	Alabama
Austin Peay	Tennessee
Ball St.	Indiana
Ball State	Indiana
Baylor	Texas
Bellarmine	Kentucky
Belmont	Tennessee
Bethune Cookman	Florida
Bethune-Cookman	Florida
Binghamton	New York
Boise St.	Idaho
Boise State	Idaho
Boston College	Massachusetts
Boston University	Massachusetts
Bowling Green	Ohio
Bradley	Illinois
Brigham Young	Utah
Brown	Rhode Island
Bryant	Rhode Island
Bucknell	Pennsylvania
Buffalo	New York
Butler	Indiana
BYU	Utah
Cal Baptist	California
Cal Poly	California
Cal St. Bakersfield	California
Cal St. Fullerton	California
Cal State Bakersfield	California
Cal State Fullerton	California
Cal State Northridge	California
California	California
California Baptist	California
Campbell	North Carolina
Canisius	New York
Central Arkansas	Arkansas
Central Conn. St.	Connecticut
Central Connecticut State	Connecticut
Central Mich.	Michigan
Central Michigan	Michigan
Charleston	South Carolina
Charleston So.	South Carolina
Charleston Southern	South Carolina
Charlotte	North Carolina
Chattanooga	Tennessee
Chicago St.	Illinois
Chicago State	Illinois
Cincinnati	Ohio
Clemson	South Carolina
Cleveland St.	Ohio
Cleveland State	Ohio
Coastal Carolina	South Carolina
Col. of Charleston	South Carolina
Colgate	New York
Colorado	Colorado
Colorado St.	Colorado
Colorado State	Colorado
Columbia	New York
Connecticut	Connecticut
Coppin St.	Maryland
Coppin State	Maryland
Cornell	New York
Creighton	Nebraska
CSUN	California
Dartmouth	New Hampshire
Davidson	North Carolina
Dayton	Ohio
Delaware	Delaware
Delaware St.	Delaware
Delaware State	Delaware
Denver	Colorado
DePaul	Illinois
Detroit Mercy	Michigan
Detroit-Mercy	Michigan
Drake	Iowa
Drexel	Pennsylvania
Duke	North Carolina
Duquesne	Pennsylvania
East Carolina	North Carolina
East Tennessee St.	Tennessee
East Tennessee State	Tennessee
East Texas A&M	Texas
Eastern Illinois	Illinois
Eastern Kentucky	Kentucky
Eastern Michigan	Michigan
Eastern Washington	Washington
Elon	North Carolina
Evansville	Indiana
Fairfield	Connecticut
Fairleigh Dickinson	New Jersey
FIU	Florida
Florida	Florida
Florida A&M	Florida
Florida Atlantic	Florida
Florida Gulf Coast	Florida
Florida International	Florida
Florida St.	Florida
Florida State	Florida
Fordham	New York
Fort Wayne	Indiana
Fresno St.	California
Fresno State	California
Furman	South Carolina
Gardner-Webb	North Carolina
George Mason	Virginia
George Washington	Washington, D.C.
Georgetown	Washington, D.C.
Georgia	Georgia
Georgia Southern	Georgia
Georgia St.	Georgia
Georgia State	Georgia
Georgia Tech	Georgia
Gonzaga	Washington
Grambling	Louisiana
Grambling State	Louisiana
Grand Canyon	Arizona
Green Bay	Wisconsin
Hampton	Virginia
Harvard	Massachusetts
Hawaii	Hawaii
High Point	North Carolina
Hofstra	New York
Holy Cross	Massachusetts
Houston	Texas
Houston Christian	Texas
Howard	Washington, D.C.
Idaho	Idaho
Idaho St.	Idaho
Idaho State	Idaho
Illinois	Illinois
Illinois St.	Illinois
Illinois State	Illinois
Illinois-Chicago	Illinois
Incarnate Word	Texas
Indiana	Indiana
Indiana St.	Indiana
Indiana State	Indiana
Iona	New York
Iowa	Iowa
Iowa St.	Iowa
Iowa State	Iowa
IU Indy	Indiana
Jackson St.	Mississippi
Jackson State	Mississippi
Jacksonville	Florida
Jacksonville St.	Alabama
Jacksonville State	Alabama
James Madison	Virginia
Kansas	Kansas
Kansas City	Missouri
Kansas St.	Kansas
Kansas State	Kansas
Kennesaw St.	Georgia
Kennesaw State	Georgia
Kent St.	Ohio
Kent State	Ohio
Kentucky	Kentucky
La Salle	Pennsylvania
Lafayette	Pennsylvania
Lamar	Texas
Lamar University	Texas
Le Moyne	New York
Lehigh	Pennsylvania
Liberty	Virginia
Lindenwood	Missouri
Lipscomb	Tennessee
Little Rock	Arkansas
LIU	New York
Long Beach St.	California
Long Beach State	California
Long Island	New York
Longwood	Virginia
Louisiana	Louisiana
Louisiana Monroe	Louisiana
Louisiana Tech	Louisiana
Louisiana-Monroe	Louisiana
Louisville	Kentucky
Loyola (IL)	Illinois
Loyola (MD)	Maryland
Loyola Chicago	Illinois
Loyola Maryland	Maryland
Loyola Marymount	California
LSU	Louisiana
Maine	Maine
Manhattan	New York
Marist	New York
Marquette	Wisconsin
Marshall	West Virginia
Maryland	Maryland
Maryland-Eastern Shore	Maryland
Massachusetts	Massachusetts
McNeese	Louisiana
McNeese State	Louisiana
Memphis	Tennessee
Mercer	Georgia
Mercyhurst	Pennsylvania
Merrimack	Massachusetts
Merrimack College	Massachusetts
Miami (FL)	Florida
Miami (OH)	Ohio
Miami FL	Florida
Miami OH	Ohio
Michigan	Michigan
Michigan St.	Michigan
Michigan State	Michigan
Middle Tennessee	Tennessee
Middle Tennessee State	Tennessee
Milwaukee	Wisconsin
Minnesota	Minnesota
Mississippi	Mississippi
Mississippi St.	Mississippi
Mississippi State	Mississippi
Mississippi Valley St.	Mississippi
Mississippi Valley State	Mississippi
Missouri	Missouri
Missouri St.	Missouri
Missouri State	Missouri
Monmouth	New Jersey
Montana	Montana
Montana St.	Montana
Montana State	Montana
Morehead St.	Kentucky
Morehead State	Kentucky
Morgan St.	Maryland
Morgan State	Maryland
Mount St. Mary's	Maryland
Murray St.	Kentucky
Murray State	Kentucky
N.C. A&T	North Carolina
N.C. Central	North Carolina
N.C. State	North Carolina
N.J.I.T.	New Jersey
Navy	Maryland
NC State	North Carolina
Nebraska	Nebraska
Nevada	Nevada
New Hampshire	New Hampshire
New Haven	Connecticut
New Mexico	New Mexico
New Mexico St.	New Mexico
New Mexico State	New Mexico
New Orleans	Louisiana
Niagara	New York
Nicholls	Louisiana
Nicholls State	Louisiana
NIU	Illinois
NJIT	New Jersey
Norfolk St.	Virginia
Norfolk State	Virginia
North Ala.	Alabama
North Alabama	Alabama
North Carolina	North Carolina
North Carolina A&T	North Carolina
North Carolina Central	North Carolina
North Dakota	North Dakota
North Dakota St.	North Dakota
North Dakota State	North Dakota
North Florida	Florida
North Texas	Texas
Northeastern	Massachusetts
Northern Ariz.	Arizona
Northern Arizona	Arizona
Northern Colorado	Colorado
Northern Illinois	Illinois
Northern Iowa	Iowa
Northern Kentucky	Kentucky
Northern Ky.	Kentucky
Northwestern	Illinois
Northwestern St.	Louisiana
Northwestern State	Louisiana
Notre Dame	Indiana
Oakland	Michigan
Ohio	Ohio
Ohio St.	Ohio
Ohio State	Ohio
Oklahoma	Oklahoma
Oklahoma St.	Oklahoma
Oklahoma State	Oklahoma
Old Dominion	Virginia
Ole Miss	Mississippi
Omaha	Nebraska
Oral Roberts	Oklahoma
Oregon	Oregon
Oregon St.	Oregon
Oregon State	Oregon
Pacific	California
Penn	Pennsylvania
Penn St.	Pennsylvania
Penn State	Pennsylvania
Pennsylvania	Pennsylvania
Pepperdine	California
Pittsburgh	Pennsylvania
Portland	Oregon
Portland St.	Oregon
Portland State	Oregon
Prairie View	Texas
Prairie View A&M	Texas
Presbyterian	South Carolina
Princeton	New Jersey
Providence	Rhode Island
Purdue	Indiana
Purdue Fort Wayne	Indiana
Queens (NC)	North Carolina
Queens University	North Carolina
Quinnipiac	Connecticut
Radford	Virginia
Rhode Island	Rhode Island
Rice	Texas
Richmond	Virginia
Rider	New Jersey
Robert Morris	Pennsylvania
Rutgers	New Jersey
Sacramento St.	California
Sacramento State	California
Sacred Heart	Connecticut
Saint Francis	Pennsylvania
Saint Joseph's	Pennsylvania
Saint Louis	Missouri
Saint Mary's	California
Saint Peter's	New Jersey
Sam Houston	Texas
Sam Houston State	Texas
Samford	Alabama
San Diego	California
San Diego St.	California
San Diego State	California
San Francisco	California
San Jose St.	California
San Jose State	California
Santa Clara	California
Seattle	Washington
Seton Hall	New Jersey
SFA	Texas
Siena	New York
SIU-Edwardsville	Illinois
SIUE	Illinois
SMU	Texas
South Alabama	Alabama
South Carolina	South Carolina
South Carolina St.	South Carolina
South Carolina State	South Carolina
South Dakota	South Dakota
South Dakota St.	South Dakota
South Dakota State	South Dakota
South Florida	Florida
Southeast Missouri State	Missouri
Southeast Mo. St.	Missouri
Southeastern La.	Louisiana
Southeastern Louisiana	Louisiana
Southern	Louisiana
Southern Illinois	Illinois
Southern Ind.	Indiana
Southern Indiana	Indiana
Southern Methodist	Texas
Southern Miss	Mississippi
Southern Mississippi	Mississippi
Southern U.	Louisiana
Southern Utah	Utah
St. Bonaventure	New York
St. Francis (PA)	Pennsylvania
St. John's	New York
St. Mary's	California
St. Thomas	Minnesota
Stanford	California
Stephen F. Austin	Texas
Stetson	Florida
Stonehill	Massachusetts
Stony Brook	New York
Syracuse	New York
Tarleton St.	Texas
Tarleton State	Texas
TCU	Texas
Temple	Pennsylvania
Tennessee	Tennessee
Tennessee St.	Tennessee
Tennessee State	Tennessee
Tennessee Tech	Tennessee
Tennessee-Martin	Tennessee
Texas	Texas
Texas A&M	Texas
Texas A&M Corpus Chris	Texas
Texas A&M-CC	Texas
Texas Southern	Texas
Texas St.	Texas
Texas State	Texas
Texas Tech	Texas
Texas-Arlington	Texas
Texas-RGV	Texas
Texas-San Antonio	Texas
The Citadel	South Carolina
Toledo	Ohio
Towson	Maryland
Troy	Alabama
Tulane	Louisiana
Tulsa	Oklahoma
UAB	Alabama
UC Davis	California
UC Irvine	California
UC Riverside	California
UC San Diego	California
UC Santa Barbara	California
UCF	Florida
UCLA	California
UConn	Connecticut
UIC	Illinois
UMass Lowell	Massachusetts
UMBC	Maryland
UMES	Maryland
UMKC	Missouri
UNC Asheville	North Carolina
UNC Greensboro	North Carolina
UNC Wilmington	North Carolina
UNLV	Nevada
USC	California
USC Upstate	South Carolina
UT Arlington	Texas
UT Martin	Tennessee
Utah	Utah
Utah St.	Utah
Utah State	Utah
Utah Tech	Utah
Utah Valley	Utah
UTEP	Texas
UTRGV	Texas
UTSA	Texas
Valparaiso	Indiana
Vanderbilt	Tennessee
VCU	Virginia
Vermont	Vermont
Villanova	Pennsylvania
Virginia	Virginia
Virginia Military	Virginia
Virginia Tech	Virginia
VMI	Virginia
Wagner	New York
Wake Forest	North Carolina
Washington	Washington
Washington St.	Washington
Washington State	Washington
Weber St.	Utah
Weber State	Utah
West Ga.	Georgia
West Georgia	Georgia
West Virginia	West Virginia
Western Carolina	North Carolina
Western Illinois	Illinois
Western Kentucky	Kentucky
Western Michigan	Michigan
Wichita St.	Kansas
Wichita State	Kansas
William & Mary	Virginia
Winthrop	South Carolina
Wisconsin	Wisconsin
Wofford	South Carolina
Wright St.	Ohio
Wright State	Ohio
Wyoming	Wyoming
Xavier	Ohio
Yale	Connecticut
Youngstown St.	Ohio
Youngstown State	Ohio
